{"cameraMode":{"drawMode":0,"name":"Shaded","section":"Shading Mode"},"sceneLighting":false,"audioPlay":false,"sceneViewState":{"m_AlwaysRefresh":false,"showFog":false,"showSkybox":false,"showFlares":false,"showImageEffects":false,"showParticleSystems":false,"showVisualEffectGraphs":true,"m_FxEnabled":true},"in2DMode":false,"pivot":{"x":-0.010228127241134644,"y":0.7737866640090942,"z":0.038424789905548099},"rotation":{"x":-0.23500727117061616,"y":-0.025659576058387758,"z":0.006206836085766554,"w":-0.9716376662254334},"size":1.0961952209472657,"orthographic":false}